origem,total_leads,taxa_conversao,deposito_medio
E-mail Marketing,31955,0.04900641527147551,247.1215578156783
Facebook,26603,0.05270082321542683,260.91387963763486
Google Ads,26830,0.050204994409243385,254.60969772642565
Indicação,13319,0.05060439972970944,249.94647946542534
Instagram,40234,0.04928667296316548,247.7451993338967
Orgânico,48033,0.050465305102741866,248.8730324984906
TikTok,37721,0.05007820577397206,256.2973592958829
WhatsApp,21409,0.051053295343080014,259.50003970292863
YouTube Ads,21344,0.05106821589205397,258.81571026986506
